{
	"class_name" : "PinholeCameraParameters",
	"extrinsic" : 
	[
		1.0,
		-0.0,
		-0.0,
		0.0,
		0.0,
		-1.0,
		-0.0,
		0.0,
		0.0,
		-0.0,
		-1.0,
		0.0,
		-23.142367858886718,
		-22.433424669052062,
		60.187259408549977,
		1.0
	],
	"intrinsic" : 
	{
		"height" : 744,
		"intrinsic_matrix" : 
		[
			644.32290041562237,
			0.0,
			0.0,
			0.0,
			644.32290041562237,
			0.0,
			650.0,
			371.5,
			1.0
		],
		"width" : 1301
	},
	"version_major" : 1,
	"version_minor" : 0
}