{
	"class_name" : "PinholeCameraParameters",
	"extrinsic" : 
	[
		0.80054094613315052,
		-0.18178124006651727,
		0.57104270796860679,
		0.0,
		-0.59822392213612474,
		-0.29889744715544309,
		0.74349744792301142,
		0.0,
		0.035529319558811917,
		-0.93681155887608392,
		-0.34802553154596211,
		0.0,
		-57.165832973574361,
		-1.5741198956395523,
		21.833180135797704,
		1.0
	],
	"intrinsic" : 
	{
		"height" : 744,
		"intrinsic_matrix" : 
		[
			644.32290041562237,
			0.0,
			0.0,
			0.0,
			644.32290041562237,
			0.0,
			650.0,
			371.5,
			1.0
		],
		"width" : 1301
	},
	"version_major" : 1,
	"version_minor" : 0
}