{
	"class_name" : "PinholeCameraParameters",
	"extrinsic" : 
	[
		0.73736217879299515,
		-0.18348665835746972,
		0.65009973349514338,
		0.0,
		-0.67307593492745099,
		-0.28099229712611801,
		0.68411410947101903,
		0.0,
		0.057147205593843967,
		-0.94200635622091033,
		-0.33069354655363076,
		0.0,
		-56.361327861494814,
		-0.94965461902175541,
		14.593472365527234,
		1.0
	],
	"intrinsic" : 
	{
		"height" : 744,
		"intrinsic_matrix" : 
		[
			644.32290041562237,
			0.0,
			0.0,
			0.0,
			644.32290041562237,
			0.0,
			650.0,
			371.5,
			1.0
		],
		"width" : 1301
	},
	"version_major" : 1,
	"version_minor" : 0
}